protein_id,graph_degree,graph_weight,graph_lift,phenotype_difference,coefficient,absolute_coefficient,graph_degree_rank,model_rank
P36543,796,5992.0,4830.812450000007,-0.0250357426907648,0.1151319329134584,0.1151319329134584,114.0,223.0
Q9H1K4,786,5452.0,4776.221000000006,0.0021512331972441,0.0515860684195236,0.0515860684195236,117.0,312.0
Q9BXF3,7219,37837.0,46926.25728999982,0.0002637169829124,0.0578276951302872,0.0578276951302872,4.0,298.0
Q7RTP6,4557,21231.0,30513.15142999988,-0.5669372010541354,-0.8592720439461828,0.8592720439461828,8.0,12.0
Q9BYH1,5185,26294.0,33782.2374899998,-0.0004950689546152,0.1599546872413641,0.1599546872413641,7.0,170.0
Q8IUG5,9171,43746.0,60367.32847999969,0.032442679247012,0.3276887462357919,0.3276887462357919,2.0,61.0
O43435,1438,7269.0,9902.88656,0.0239800726523782,-0.0272836221569591,0.0272836221569591,45.0,350.0
Q9BYB4,2969,15004.0,19956.48249999991,-0.0049925548232003,0.0769924880879156,0.0769924880879156,21.0,273.0
Q8NFQ6,3342,16919.0,22145.05921999982,-0.0185217534516546,0.1178113219717142,0.1178113219717142,14.0,218.0
P01127,1259,5551.0,8358.437710000015,-0.0490716472797885,-0.0255301515525323,0.0255301515525323,55.0,351.0
Q9UBB4,684,3046.0,4461.008210000001,-0.0706252572281993,-0.3062662425775798,0.3062662425775798,130.0,68.0
Q9NNW7,2598,13141.0,17141.797850000035,-0.0378959960673039,0.0192173289435943,0.0192173289435943,25.0,361.0
Q7L3V2,1545,8003.0,10210.80175000002,-0.020310795052886,-0.171970358607749,0.171970358607749,43.0,162.0
Q9BWW9,603,2027.0,4050.4474100000034,0.0123335150988346,-0.0616669112032841,0.0616669112032841,150.0,293.0
Q9BY27,483,2576.0,3211.30612,0.0195213437483348,-0.1913519761606772,0.1913519761606772,167.0,143.0
P12018,1018,5235.0,6864.958869999996,-0.0488790556187099,-0.1834264713588374,0.1834264713588374,84.0,149.0
P11274,3616,15539.0,24872.854359999983,-0.0479719841439134,-0.0760192722556637,0.0760192722556637,13.0,274.0
Q9BWT7,2190,10833.0,14588.274209999978,-0.077403188627068,-0.1866869698926991,0.1866869698926991,28.0,147.0
Q96EK2,3112,14735.0,20331.983759999952,0.0945576687246294,0.5667129695930534,0.5667129695930534,19.0,23.0
Q96D21,667,3824.0,4148.07453000001,-0.0231587271547866,-0.0379972061267097,0.0379972061267097,134.0,339.0
Q9Y698,2726,14918.0,17610.179710000026,-0.0535893933803492,-0.1447445394874338,0.1447445394874338,23.0,184.0
Q8IYW4,823,4659.0,5346.424820000001,-0.0190231589409926,0.0659581004877815,0.0659581004877815,108.0,284.0
O75791,1228,6461.0,8105.156319999988,-0.0047879136532982,0.0896180111683536,0.0896180111683536,66.0,258.0
P23142,3102,13659.0,20993.90014999991,-0.0497587683297098,-0.1922824765604452,0.1922824765604452,20.0,141.0
O95755,2292,10345.0,15309.364990000016,0.0103122926901377,-0.1915117768091094,0.1915117768091094,26.0,142.0
Q9UHP6,1515,7727.0,9977.239960000024,-0.0434942437091532,-0.358944267984241,0.358944267984241,44.0,49.0
P19086,968,5152.0,6397.296030000011,0.0114938721520179,0.1036644765526474,0.1036644765526474,86.0,234.0
Q9NYQ6,8192,39563.0,54781.06400999984,-0.0031756901595549,0.0065261517748782,0.0065261517748782,3.0,391.0
Q7Z5A7,11362,54654.0,75109.75618000013,0.0133075366207702,-0.0086111343576406,0.0086111343576406,1.0,386.0
Q2NKQ1,2913,14631.0,19051.925629999976,-0.0197187730587735,0.0459306976485867,0.0459306976485867,22.0,324.0
Q6ICI0,223,1237.0,1419.9998799999998,-0.2020232438279698,-0.340752410561752,0.340752410561752,253.0,57.0
Q9HBI1,5290,23806.0,35685.78366000003,0.4604549447136357,0.5969867427577469,0.5969867427577469,6.0,19.0
Q9NST1,927,3787.0,6128.882820000009,-0.0208333522012349,0.0115620503220072,0.0115620503220072,94.0,378.0
Q9Y512,239,712.0,1615.2207599999997,-0.0159722264231643,-0.2598513625139277,0.2598513625139277,235.0,99.0
P15814,757,5407.0,4585.8701299999975,0.92375747157781,1.7223033113545698,1.7223033113545698,123.0,2.0
Q6P575,238,1242.0,1724.3755499999995,-0.0277254558106463,-0.2682911494965254,0.2682911494965254,237.0,91.0
Q6PGQ1,762,4471.0,5055.46903,0.0079434991734252,0.1020729304221563,0.1020729304221563,122.0,238.0
Q8IZJ4,238,1242.0,1724.3755499999995,0.0765447482606553,-0.0801061040648114,0.0801061040648114,237.0,270.0
Q9UC06,238,1242.0,1724.3755499999995,0.2831624269452106,0.5422119130201497,0.5422119130201497,237.0,24.0
Q6IC83,1851,8671.0,12323.945130000046,0.0037559032162235,-0.2150327831115054,0.2150327831115054,37.0,125.0
O00541,880,4727.0,5727.100390000014,-0.0334249179621402,-0.3843288241635758,0.3843288241635758,100.0,38.0
Q8TCT0,1276,7799.0,8320.537980000005,-0.0213116620893085,-0.1682521896501935,0.1682521896501935,54.0,164.0
P39023,142,682.0,885.67661,-0.0188541611501165,-0.3525643149703226,0.3525643149703226,303.0,53.0
O43759,167,943.0,1023.0015900000004,-0.0080174942200237,0.0961557663502423,0.0961557663502423,282.0,249.0
Q9H4I3,340,1603.0,2134.870709999999,-0.6248519350423738,-0.8981107881133136,0.8981107881133136,211.0,11.0
Q9BVL4,340,1603.0,2134.870709999999,0.0231552203116409,-0.2800303322579323,0.2800303322579323,211.0,82.0
Q96RD6,351,1845.0,2191.7310499999985,-0.0636948958560239,-0.4734324712910113,0.4734324712910113,209.0,29.0
Q96RT7,340,1603.0,2134.870709999999,0.0315236338594502,0.1834479620666042,0.1834479620666042,211.0,148.0
P85298,3186,13974.0,21607.65914999986,-0.0337391723643261,-0.1792845494086534,0.1792845494086534,17.0,152.0
Q10571,3805,17567.0,25454.08558999996,-0.1094456645503232,-0.3223451276281722,0.3223451276281722,11.0,64.0
P13866,207,913.0,1338.1295,-0.0499740021987804,-0.2364470146330325,0.2364470146330325,270.0,117.0
Q04917,207,913.0,1338.1295,-0.0472196111674962,-0.3727949920372241,0.3727949920372241,270.0,43.0
O14994,3971,22170.0,25272.978689999985,-0.0390713286017323,0.1156019994179248,0.1156019994179248,10.0,222.0
Q2M1V0,198,1038.0,1259.1443900000006,0.0025991212822713,0.2634243306589508,0.2634243306589508,276.0,95.0
Q9HBI0,832,5113.0,5519.975960000001,0.0356802843221171,-0.2819830666743332,0.2819830666743332,106.0,80.0
Q96F46,432,2786.0,2718.6714599999996,0.0133564319301608,-0.2406644825029016,0.2406644825029016,194.0,113.0
Q9NV39,891,5114.0,5821.856770000015,-0.0326734399242951,-0.1781728981462147,0.1781728981462147,97.0,155.0
Q07869,2195,14774.0,14175.30244,0.0438543417551571,-0.0034416378854171,0.0034416378854171,27.0,395.0
Q9NY65,1438,7362.0,9536.499530000006,0.025343914973769,-0.0684172722485186,0.0684172722485186,45.0,282.0
P21964,840,5277.0,5381.701739999991,0.0122449303949849,0.0120230140150343,0.0120230140150343,104.0,377.0
P43487,1175,5504.0,7823.251029999988,-0.0099930056731381,-0.2053839379933389,0.2053839379933389,67.0,133.0
Q9ULC8,1175,5504.0,7823.251029999988,0.0415019634494626,-0.0349133669596619,0.0349133669596619,67.0,343.0
Q8IZ69,1175,5504.0,7823.251029999988,-0.0006189638878879,-0.1895611841617042,0.1895611841617042,67.0,145.0
Q8WYQ5,1175,5504.0,7823.251029999988,0.0390578933949008,0.0252110006150923,0.0252110006150923,67.0,353.0
H7C350,1175,5504.0,7823.251029999988,0.0261068461540876,0.1563003887735918,0.1563003887735918,67.0,174.0
Q6ICL3,1246,5738.0,8301.354089999986,0.2466987131573272,0.5212382194709059,0.5212382194709059,64.0,26.0
Q16587,713,3589.0,4731.496909999998,0.0249719963849752,0.0453389477788239,0.0453389477788239,128.0,325.0
Q8WYQ3,1827,9359.0,12217.933659999995,0.0022972434237438,0.0254843424016942,0.0254843424016942,38.0,352.0
P24347,949,5051.0,6481.050630000017,-0.0908575637293598,-0.2839947252500839,0.2839947252500839,90.0,78.0
Q12824,949,5051.0,6481.050630000017,-0.0270123199261806,-0.1484729989948449,0.1484729989948449,90.0,180.0
Q96Q80,949,5051.0,6481.050630000017,0.0178696349916123,0.3710019571493109,0.3710019571493109,90.0,44.0
P43320,729,3866.0,5151.215699999998,0.0850792639988782,0.0183658416999443,0.0183658416999443,125.0,363.0
Q8WWX9,415,3530.0,2532.4604600000007,-0.0629314632191171,0.1440775560369721,0.1440775560369721,196.0,185.0
P53814,415,3530.0,2532.4604600000007,0.0049994418379419,0.0883466070286438,0.0883466070286438,196.0,260.0
Q15735,415,3530.0,2532.4604600000007,0.0299729345182075,-0.3221733534856943,0.3221733534856943,196.0,65.0
Q9NZ20,415,3530.0,2532.4604600000007,-0.0230644244105402,-0.0816017145600512,0.0816017145600512,196.0,267.0
Q9NY91,1797,9533.0,11814.788920000015,-0.003601651283537,0.0927477212630705,0.0927477212630705,40.0,252.0
O95461,6986,35272.0,45246.10619000014,-0.0117836945003304,0.3844847251329792,0.3844847251329792,5.0,37.0
P09382,225,1711.0,1342.33195,0.08929738219698,0.101564415362142,0.101564415362142,242.0,240.0
Q6ZT62,225,1711.0,1342.33195,-0.0414551686170234,-0.2861093530473066,0.2861093530473066,242.0,77.0
Q9UJY5,225,1711.0,1342.33195,0.0194922992967434,-0.2118852202073429,0.2118852202073429,242.0,128.0
Q9Y3L3,225,1711.0,1342.33195,-0.0136449043643978,-0.3556739458642106,0.3556739458642106,242.0,50.0
Q96GD0,225,1711.0,1342.33195,-0.0889170459654273,-0.3419146265437653,0.3419146265437653,242.0,55.0
P49674,2180,8916.0,14677.630700000049,-0.0160543423483243,-0.046950186004152,0.046950186004152,29.0,321.0
P31941,1110,5112.0,7351.129210000002,-0.0020406826237593,-0.1680701937898462,0.1680701937898462,77.0,165.0
Q9UH17,1110,5112.0,7351.129210000002,-0.3047559474913672,-0.715316614233978,0.715316614233978,77.0,17.0
Q96AK3,1258,6868.0,8274.421840000015,-0.0126518868204001,0.0521290919518718,0.0521290919518718,56.0,310.0
Q8IUX4,1258,6868.0,8274.421840000015,0.0270996183090588,0.1374269361994234,0.1374269361994234,56.0,192.0
Q9NRW3,1258,6868.0,8274.421840000015,-0.037126683438327,-0.1946289860511889,0.1946289860511889,56.0,140.0
Q9HC16,1258,6868.0,8274.421840000015,-0.0504367543418977,0.0657864971560179,0.0657864971560179,56.0,285.0
Q8NEG4,1388,8360.0,8901.272219999988,0.0522700974966046,0.0724439833036511,0.0724439833036511,47.0,279.0
Q9UPQ9,506,4534.0,3091.338209999999,0.0120562835339139,0.3614700313938476,0.3614700313938476,163.0,47.0
Q969R5,61,1238.0,346.2734000000001,-0.0021110565555311,-0.3942786220829488,0.3942786220829488,333.0,36.0
Q6NUI6,61,1238.0,346.2734000000001,0.0067260521408094,-0.2338704189647885,0.2338704189647885,333.0,118.0
Q09472,61,1238.0,346.2734000000001,-0.0355950991685869,0.0431113248052589,0.0431113248052589,333.0,330.0
Q14166,1900,8150.0,12754.688279999982,0.6208831782066131,0.7277814730933113,0.7277814730933113,34.0,16.0
Q8IWY4,3335,17544.0,22235.97461999998,0.0036513967740408,-0.3770517014438766,0.3770517014438766,15.0,39.0
O15442,2617,10602.0,17514.37680999994,-0.0986987671590444,-0.3542481058675441,0.3542481058675441,24.0,51.0
Q9BYW1,1054,6591.0,6707.483499999983,0.0301345517034556,-0.1027556322416517,0.1027556322416517,82.0,237.0
Q69YQ0,1352,7812.0,8895.284370000029,0.058358463759168,-0.0916017820438608,0.0916017820438608,49.0,253.0
P36269,838,4128.0,5726.044860000005,-0.0635509750650236,-0.1293905823771689,0.1293905823771689,105.0,204.0
P29274,618,4343.0,3868.8745599999943,-0.0318749196736121,0.2008311280477985,0.2008311280477985,143.0,137.0
P86434,618,4343.0,3868.8745599999943,0.015065746569812,0.1121474526580469,0.1121474526580469,143.0,225.0
P14784,631,4488.0,3895.413439999995,0.0020795879795869,0.0890837738436251,0.0890837738436251,141.0,259.0
P15153,908,4608.0,5584.803720000004,0.0321807781912237,0.1313371103081324,0.1313371103081324,95.0,200.0
Q99705,230,1515.0,1409.0724399999997,0.011326060572756,0.2075597025412866,0.2075597025412866,241.0,132.0
Q969V6,238,1607.0,1453.0910299999991,-0.0234020623011321,-0.3221285494499784,0.3221285494499784,237.0,66.0
Q3SXP7,3124,15021.0,20938.58010999993,-0.0236939393939392,-0.0582979702182808,0.0582979702182808,18.0,296.0
Q6ICG6,649,3073.0,4431.786890000002,-0.0099326391075056,-0.1363303834151517,0.1363303834151517,138.0,195.0
Q6IC98,299,2715.0,1796.8042500000004,-0.0720223316082382,-0.0043575740678457,0.0043575740678457,225.0,394.0
O15371,1905,10494.0,12431.496840000009,-0.1155508910614839,-0.0481035038269638,0.0481035038269638,31.0,319.0
Q99757,1905,10494.0,12431.496840000009,-0.0251996593868977,-0.1224334910368779,0.1224334910368779,31.0,214.0
Q8IWF2,1905,10494.0,12431.496840000009,-0.043318760794774,0.0019198863627132,0.0019198863627132,31.0,397.0
P59817,1174,7120.0,7918.571999999997,-0.0067537918789586,-0.1744590124799808,0.1744590124799808,72.0,159.0
Q86YH2,1174,7120.0,7918.571999999997,0.0632929295000046,0.2251975726816814,0.2251975726816814,72.0,120.0
P35626,1305,6875.0,8341.863370000014,-0.3376414072684,-0.4803045938102609,0.4803045938102609,53.0,28.0
Q9P0X4,3204,15876.0,21178.959359999968,-0.0307536044263034,0.0691516954145366,0.0691516954145366,16.0,280.0
P49593,534,3760.0,3653.4101800000058,-0.0107161644486115,-0.290071955699279,0.290071955699279,160.0,74.0
O95985,534,3760.0,3653.4101800000058,0.053235256328147,-0.1016266591535053,0.1016266591535053,160.0,239.0
Q5R3I4,1248,7632.0,8260.197360000006,0.0337301236712708,-0.0544443841684055,0.0544443841684055,60.0,303.0
O75648,1248,7632.0,8260.197360000006,-0.0183849111647802,-0.1571682074843826,0.1571682074843826,60.0,172.0
Q9NTG1,1248,7632.0,8260.197360000006,0.0134211636510119,0.1370004352489245,0.1370004352489245,60.0,194.0
Q9NYZ3,1248,7632.0,8260.197360000006,-0.0615123346388148,-0.1360022271766985,0.1360022271766985,60.0,196.0
Q7Z3Z3,283,2485.0,1725.08486,-0.0850818694996,-0.1162066549066769,0.1162066549066769,230.0,221.0
Q14390,33,554.0,178.21185000000003,0.0523288963220913,0.4156134507476829,0.4156134507476829,345.0,34.0
Q6NTF7,403,1721.0,2688.8899499999984,0.0462155195214784,0.0326585284508629,0.0326585284508629,201.0,345.0
O95236,266,1542.0,1783.6151900000011,0.0105343011654381,0.1290885538713459,0.1290885538713459,233.0,205.0
P26998,175,1101.0,1102.5715700000003,-0.1592647682726493,-0.1146256971071267,0.1146256971071267,281.0,224.0
Q9BY89,676,3120.0,4490.282270000003,0.0305203628824983,0.0688129963857449,0.0688129963857449,133.0,281.0
Q15750,25,261.0,137.32498,-0.0240805518432551,-0.094126374955728,0.094126374955728,348.0,250.0
Q9BXI9,201,1614.0,1630.5902699999997,-0.0205657315695493,0.1037894481805096,0.1037894481805096,272.0,233.0
P32745,201,1614.0,1630.5902699999997,-0.0054672683739038,-0.507201883412879,0.507201883412879,272.0,27.0
L0R8F8,466,2424.0,2927.352299999997,0.0359893976819307,0.0874378384365622,0.0874378384365622,172.0,262.0
Q9NQG6,466,2424.0,2927.352299999997,-0.0289010531211211,-0.0070519306050027,0.0070519306050027,172.0,389.0
Q09327,466,2424.0,2927.352299999997,0.0241993574880883,0.2387864500119007,0.2387864500119007,172.0,114.0
P18848,466,2424.0,2927.352299999997,-0.0628342111459971,-0.2763799808748533,0.2763799808748533,172.0,84.0
Q86WX3,466,2424.0,2927.352299999997,-0.0234235535497493,-0.0385494035786298,0.0385494035786298,172.0,338.0
O75631,1246,5699.0,8848.45899000001,0.0027262709405082,0.044423000502451,0.044423000502451,64.0,327.0
Q9BQE5,459,3555.0,3064.0061699999974,-0.0992589647488486,-0.4266088880951064,0.4266088880951064,186.0,33.0
P07305,504,2049.0,3388.074100000005,0.0301231493803753,0.3738537066645818,0.3738537066645818,164.0,41.0
O75600,520,2267.0,3477.804220000004,0.0623150169416319,-0.0535812846355973,0.0535812846355973,162.0,306.0
Q9UGY1,504,2049.0,3388.074100000005,0.0249095374077725,0.0150146369504806,0.0150146369504806,164.0,370.0
Q9H2D6,504,2049.0,3388.074100000005,-0.0713754300793816,-0.0090176630593935,0.0090176630593935,164.0,384.0
Q9Y519,163,1939.0,995.34077,0.0303188069879052,-0.0363266999888653,0.0363266999888653,290.0,341.0
O95502,301,1091.0,1903.34585,0.0078812159156456,0.0403472955172079,0.0403472955172079,223.0,335.0
O96015,301,1091.0,1903.34585,-0.1996178178345093,-0.0862441772960466,0.0862441772960466,223.0,263.0
Q15049,14,364.0,83.09653999999999,0.0209325299520255,-0.0915284265877153,0.0915284265877153,363.0,254.0
Q9BXT6,14,364.0,83.09653999999999,-0.0080602585159628,-0.0184288049973064,0.0184288049973064,363.0,362.0
A6PVC2,14,364.0,83.09653999999999,-0.0240866356797599,0.0215055089465161,0.0215055089465161,363.0,355.0
A0A024R1R8,408,1848.0,2775.295470000002,0.0158708631025685,0.0097964952276174,0.0097964952276174,200.0,381.0
Q12772,276,2723.0,2054.9810399999997,0.0142165826953988,0.0214393103433538,0.0214393103433538,231.0,356.0
P55769,51,804.0,278.99939,-0.0075376109470663,0.1091248860716086,0.1091248860716086,336.0,227.0
Q92871,51,804.0,278.99939,0.0020026498894356,-0.0962221135869072,0.0962221135869072,336.0,248.0
Q6ICB0,51,804.0,278.99939,0.0583740895619016,0.0491640724734661,0.0491640724734661,336.0,318.0
Q9H6E4,51,804.0,278.99939,0.8591844170262615,1.4007498836873176,1.4007498836873176,336.0,6.0
Q9Y534,51,804.0,278.99939,0.0216361947573497,-0.1047393477821202,0.1047393477821202,336.0,232.0
Q5TIA1,51,804.0,278.99939,-0.0019715377650557,0.0197898069385323,0.0197898069385323,336.0,360.0
P12956,51,804.0,278.99939,0.0291683588759923,0.1203673785297103,0.1203673785297103,336.0,216.0
Q6NVV7,399,3172.0,2557.07812,0.035282487975655,0.23671315283071,0.23671315283071,202.0,116.0
Q9UKI3,881,4431.0,5758.592660000014,0.0626754439504253,0.155685301894435,0.155685301894435,98.0,175.0
Q8WYQ4,881,4431.0,5758.592660000014,-0.0483163135683035,-0.2601662363806223,0.2601662363806223,98.0,98.0
P30536,1130,4805.0,7676.824680000027,0.0255251222667265,0.0753399894040527,0.0753399894040527,75.0,275.0
B1AH88,1130,4805.0,7676.824680000027,-0.0427210350991025,0.1687145450095593,0.1687145450095593,75.0,163.0
Q9BXK5,70,669.0,429.9602,-0.4184410389552528,-0.5344856327563763,0.5344856327563763,331.0,25.0
P55957,119,978.0,723.6299400000001,-0.0091741903283057,0.2421642747783522,0.2421642747783522,307.0,112.0
P19440,623,3682.0,3869.453209999997,-0.0333871536035808,0.0081539326784388,0.0081539326784388,142.0,387.0
Q2VPJ9,1080,5662.0,6854.358190000002,-0.0282612904639236,-0.0628864364367678,0.0628864364367678,80.0,289.0
Q5THK1,1147,6438.0,7488.256349999993,-0.0329621796369892,0.0999607055452488,0.0999607055452488,74.0,246.0
Q9Y442,611,4011.0,3946.190149999999,0.0851440872170554,0.0907973801269903,0.0907973801269903,147.0,256.0
O75140,611,4011.0,3946.190149999999,-0.0295065589995466,0.066719147876044,0.066719147876044,147.0,283.0
Q9Y3I0,70,1190.0,417.5788999999999,-0.0006310833962821,0.2527587490591957,0.2527587490591957,331.0,105.0
P85299,3725,19223.0,24564.09122999984,0.0472326160504774,0.1514996048540708,0.1514996048540708,12.0,178.0
O43808,385,3556.0,2363.212140000001,-0.0778314593493476,-0.0625669394147077,0.0625669394147077,203.0,290.0
P62877,164,1982.0,944.9070999999996,0.0642211099891341,-0.1000576452409516,0.1000576452409516,285.0,244.0
Q9NQH7,164,1982.0,944.9070999999996,0.0538664059182441,0.2637139551983549,0.2637139551983549,285.0,94.0
Q8NFI4,164,1982.0,944.9070999999996,0.0195734425621338,0.1263785675101462,0.1263785675101462,285.0,210.0
Q7Z6W7,164,1982.0,944.9070999999996,0.0124729387838211,0.0160958449371016,0.0160958449371016,285.0,368.0
P50502,164,1982.0,944.9070999999996,0.1099529750677241,0.3036276790129871,0.3036276790129871,285.0,69.0
P15018,841,4910.0,5386.619750000002,-0.0076464612183233,0.3640688832665409,0.3640688832665409,102.0,46.0
P13725,841,4910.0,5386.619750000002,0.0133255220021677,-0.1162287300142932,0.1162287300142932,102.0,220.0
O75679,199,1747.0,1273.54891,-0.0185857734398107,-0.0174050253437272,0.0174050253437272,274.0,366.0
P0C7P2,199,1747.0,1273.54891,0.0232126784680595,-0.0642963844847707,0.0642963844847707,274.0,287.0
P09601,612,3172.0,4089.97535,-0.0126366253318392,0.3534907564197475,0.3534907564197475,146.0,52.0
P33992,984,5040.0,6417.0620700000145,0.0274432026102591,0.0560870970644475,0.0560870970644475,85.0,301.0
P35625,611,3399.0,3827.944830000008,-0.0135915509633015,-0.2704113411432982,0.2704113411432982,147.0,89.0
O00587,1055,4654.0,7179.837550000011,0.0001387507392545,-0.0806231966065428,0.0806231966065428,81.0,268.0
Q6P5X5,11,266.0,57.09067,0.0177067393381769,0.0169110391976963,0.0169110391976963,372.0,367.0
O75419,11,266.0,57.09067,0.1039434100936116,0.2615130814976115,0.2615130814976115,372.0,96.0
O00501,11,266.0,57.09067,-0.0051613694619074,-0.0158198735423046,0.0158198735423046,372.0,369.0
Q92890,11,266.0,57.09067,-0.4463065901636982,-0.570364257563825,0.570364257563825,372.0,21.0
Q9UIA0,1575,7317.0,10557.51469999999,-0.0248730477427407,-0.0805003123837061,0.0805003123837061,42.0,269.0
P56706,2054,10323.0,13730.361100000018,0.0977038837424242,0.2698091647634591,0.2698091647634591,30.0,90.0
Q8IWD4,480,2782.0,3054.7996800000005,0.0368647056343629,-0.1078869185893327,0.1078869185893327,168.0,229.0
Q8IWL3,480,2782.0,3054.7996800000005,0.0507129340370067,-0.1785262494680091,0.1785262494680091,168.0,154.0
P17861,480,2782.0,3054.7996800000005,0.0172152971576231,0.116997588134117,0.116997588134117,168.0,219.0
O95696,183,1226.0,1117.71351,0.0196881453347206,0.0527285215846154,0.0527285215846154,277.0,307.0
O75132,183,1226.0,1117.71351,-0.0581964289311311,0.0590411061310636,0.0590411061310636,277.0,295.0
Q6UXH1,183,1226.0,1117.71351,-0.0173461444196112,-0.3479251914698259,0.3479251914698259,277.0,54.0
Q9BV10,183,1226.0,1117.71351,0.0083735436218281,0.010471908072669,0.010471908072669,277.0,380.0
Q96NN9,1668,7485.0,11302.552499999989,0.0297721881157251,-0.0131154891143401,0.0131154891143401,41.0,375.0
Q969R2,1366,7001.0,9269.0145,-0.0261700131048474,-0.0582968951074587,0.0582968951074587,48.0,297.0
O95931,567,2539.0,3807.133740000007,-0.0076664846923844,-0.014403254812309,0.014403254812309,154.0,372.0
O43246,580,3660.0,3726.7836200000024,0.080908508811305,0.0899355777821694,0.0899355777821694,152.0,257.0
O15547,1342,7760.0,8562.153519999998,0.9557198630907386,1.6973803328731707,1.6973803328731707,50.0,4.0
Q6ZQY2,580,3660.0,3726.7836200000024,-0.0331570004412427,0.1009504014423182,0.1009504014423182,152.0,242.0
Q6ZR54,90,388.0,552.3177900000001,0.0043940180639978,0.2642426610472792,0.2642426610472792,322.0,93.0
P12036,810,3685.0,5406.05751,-0.0452120273366105,-0.3689471855507682,0.3689471855507682,112.0,45.0
O75677,810,3685.0,5406.05751,-0.0299793686070781,0.0212352431636589,0.0212352431636589,112.0,357.0
Q6ICG8,225,1919.0,1775.981649999999,-0.0486389311232908,-0.0176084035463283,0.0176084035463283,242.0,365.0
Q9NSP4,225,1919.0,1775.981649999999,-0.0185729993327736,0.1657082338896073,0.1657082338896073,242.0,167.0
P17050,325,2714.0,2400.066710000002,0.0530411402090624,0.7744804671438541,0.7744804671438541,221.0,15.0
Q96RJ3,225,1919.0,1775.981649999999,-0.0623914336639348,-0.1630371712964221,0.1630371712964221,242.0,168.0
Q9UH03,225,1919.0,1775.981649999999,0.0033549670586268,-0.0738383023507402,0.0738383023507402,242.0,278.0
B8ZZ34,225,1919.0,1775.981649999999,0.0346069641242081,0.0145872196265924,0.0145872196265924,242.0,371.0
A0A590UK83,225,1919.0,1775.981649999999,0.0014336046971692,0.2819799414523628,0.2819799414523628,242.0,81.0
O43247,635,2715.0,4162.46953,-0.061329555108669,-0.0909094792198916,0.0909094792198916,139.0,255.0
P25325,662,2868.0,4318.240940000002,0.0391535233890181,0.0853264500344171,0.0853264500344171,137.0,265.0
Q16762,635,2715.0,4162.46953,-0.0004744160499523,0.005728774663707,0.005728774663707,139.0,393.0
Q9BXW7,788,3872.0,5118.408560000001,0.0117941800077101,0.5693485949341052,0.5693485949341052,115.0,22.0
Q9NZK5,258,1206.0,1599.6955899999996,-0.0233268597120428,-0.2997064120467715,0.2997064120467715,234.0,70.0
Q15080,1816,8621.0,11688.597660000009,-0.0075277554027781,-0.0413264100809709,0.0413264100809709,39.0,332.0
Q6ICC9,1107,6214.0,7209.514589999993,0.0116420196594102,-0.1249105653401174,0.1249105653401174,79.0,211.0
P78395,931,3989.0,6093.132380000004,0.0129140713252127,0.196248955625948,0.196248955625948,93.0,138.0
P13224,1861,7801.0,12200.686060000022,0.0088084417484779,0.0414474524356986,0.0414474524356986,35.0,331.0
Q99719,1861,7801.0,12200.686060000022,-0.0143789838102028,-0.0070699584618269,0.0070699584618269,35.0,388.0
O00192,156,1513.0,969.2667800000004,0.0461436359792202,0.2559891997864896,0.2559891997864896,292.0,103.0
P14174,443,2864.0,2828.7876300000044,0.0540453366607938,-0.3407807592779961,0.3407807592779961,192.0,56.0
O60704,375,2592.0,2552.522040000004,0.0377430144430146,0.137008854736398,0.137008854736398,206.0,193.0
Q9UG56,541,2527.0,3584.092689999994,-0.0380301541519871,-0.2146243873701498,0.2146243873701498,157.0,126.0
Q9NRA8,541,2527.0,3584.092689999994,-0.018915083880822,0.0742047766218995,0.0742047766218995,157.0,277.0
A8K8P3,541,2527.0,3584.092689999994,-0.0518706252473748,0.1010808519929173,0.1010808519929173,157.0,241.0
Q9NPC4,148,1616.0,869.9505599999999,-0.0294623251213277,0.3400246977627879,0.3400246977627879,302.0,58.0
Q7Z412,787,3496.0,5358.118510000009,-0.0254518406928117,-0.0105305841627699,0.0105305841627699,116.0,379.0
A0A0A0MRZ9,778,3858.0,5168.93199,-0.0127417634077104,-0.0090678654703404,0.0090678654703404,118.0,383.0
P01701,778,3858.0,5168.93199,0.0243518706713121,0.1287403874415517,0.1287403874415517,118.0,206.0
O75678,292,1681.0,1802.194239999999,-0.0077390265455079,-0.0512781683196728,0.0512781683196728,226.0,314.0
Q9UMW8,848,3335.0,5653.524530000015,-0.0166708943551832,-0.146771540161986,0.146771540161986,101.0,182.0
Q9BZR6,239,1732.0,1423.1684199999995,0.0123806398930081,-0.258103000824808,0.258103000824808,235.0,100.0
Q9H1I8,14,562.0,78.19045999999999,0.016599397093282,0.286142608687784,0.286142608687784,363.0,76.0
Q86V35,14,562.0,78.19045999999999,-0.040317084656877,-0.149887646908164,0.149887646908164,363.0,179.0
Q9UDW1,14,562.0,78.19045999999999,-0.1205620969885572,-0.1419967433769691,0.1419967433769691,363.0,190.0
Q9UDW3,14,562.0,78.19045999999999,-0.0910141432694837,-0.2138767018973802,0.2138767018973802,363.0,127.0
Q13615,127,890.0,853.6016899999996,-0.0358896621101241,-0.2270056824255982,0.2270056824255982,305.0,119.0
Q8N7B1,127,890.0,853.6016899999996,-0.9806796719021732,-1.7048876810486326,1.7048876810486326,305.0,3.0
Q8NEJ0,291,1873.0,1842.5589,0.015535599183492,0.2015219683178545,0.2015219683178545,227.0,136.0
Q6ICL7,291,1873.0,1842.5589,-0.0192070023863841,-0.0491829906183505,0.0491829906183505,227.0,317.0
P20062,291,1873.0,1842.5589,0.014472070086299,-0.0023540185203385,0.0023540185203385,227.0,396.0
Q9BWW8,86,365.0,540.1986000000002,0.0127850306266417,0.0876679143124468,0.0876679143124468,323.0,261.0
Q9H4K1,306,1201.0,2184.8607799999986,-0.0211601048562268,-0.2461959449995107,0.2461959449995107,222.0,110.0
Q8WUA7,4071,17962.0,26585.676639999903,-0.0314164965128735,0.0093563118516366,0.0093563118516366,9.0,382.0
Q9UKX7,467,2849.0,2898.801829999998,0.0061471911101289,-0.0516217905964329,0.0516217905964329,171.0,311.0
Q00587,1312,7578.0,8721.503630000007,-0.0898405353187765,-0.0542810499412484,0.0542810499412484,51.0,304.0
P05162,1312,7578.0,8721.503630000007,-0.0097632182648714,-0.0562942540547774,0.0562942540547774,51.0,300.0
Q8NET5,1028,4538.0,7111.047999999994,0.0299349657677439,-0.0362336327395347,0.0362336327395347,83.0,342.0
Q96M85,434,1892.0,2776.129339999997,0.0127327546880344,-0.0299156663492884,0.0299156663492884,193.0,348.0
Q9Y3I1,754,4157.0,4982.333009999991,-0.0666887904684667,-0.2953583064086158,0.2953583064086158,124.0,71.0
P35579,818,4222.0,5201.150169999997,-0.0213959765721138,-0.0132193356542856,0.0132193356542856,109.0,374.0
Q9BT49,767,4237.0,4872.03983000001,0.0629954664093581,0.250394213590183,0.250394213590183,121.0,108.0
Q8N653,769,4289.0,4882.366920000009,-0.054330331061049,0.1885171661782735,0.1885171661782735,120.0,146.0
Q9H4I8,333,1696.0,2089.355300000001,0.0130485759973364,0.2492265129190921,0.2492265129190921,214.0,109.0
Q9NQF3,333,1696.0,2089.355300000001,0.0422485284538396,-0.1279359942257854,0.1279359942257854,214.0,209.0
Q9NSQ0,333,1696.0,2089.355300000001,0.01309850203703,0.3307101173806707,0.3307101173806707,214.0,59.0
P00387,363,1847.0,2277.090860000001,-0.0159499499285971,-0.0375095294646728,0.0375095294646728,207.0,340.0
Q9BY77,333,1696.0,2089.355300000001,-0.0468313079379907,0.1460623851474713,0.1460623851474713,214.0,183.0
Q9Y3A4,333,1696.0,2089.355300000001,0.2977303451264692,0.0524229794119937,0.0524229794119937,214.0,309.0
Q9BR01,357,1625.0,2368.7574600000003,-0.0141888945589165,0.1548797901057373,0.1548797901057373,208.0,176.0
Q9ULT6,344,1454.0,2314.45211,0.5207038962050206,0.9462870347235148,0.9462870347235148,210.0,10.0
Q96MU8,718,3122.0,4681.506000000005,0.0393004936521812,0.2081295003182618,0.2081295003182618,127.0,130.0
Q96A84,588,2303.0,3805.1713199999976,0.0254591367814036,0.0478605934339674,0.0478605934339674,151.0,320.0
O43251,98,1088.0,560.9736000000001,-0.0036433899655516,-0.0996569139813117,0.0996569139813117,321.0,247.0
O60755,17,240.0,96.24372,0.0056602714188667,0.1004166244442271,0.1004166244442271,352.0,243.0
Q6UXY1,680,3571.0,4435.09273,-0.0426572461124781,-0.0565425232861391,0.0565425232861391,132.0,299.0
Q9BZE7,17,240.0,96.24372,0.0357377081737997,-0.1029103218105232,0.1029103218105232,352.0,236.0
Q8N3F8,17,240.0,96.24372,0.0473609644386296,0.261258757131166,0.261258757131166,352.0,97.0
Q6NXT1,17,240.0,96.24372,0.0287540819046245,0.0850012674724163,0.0850012674724163,352.0,266.0
O95907,17,240.0,96.24372,0.0532150721084772,0.3593704439959087,0.3593704439959087,352.0,48.0
Q9Y262,17,240.0,96.24372,0.055947741172158,-0.0404642724762432,0.0404642724762432,352.0,334.0
P61218,17,240.0,96.24372,0.0680666833399321,0.0288445823768434,0.0288445823768434,352.0,349.0
Q9NRD5,17,240.0,96.24372,0.0389571151499748,0.1108087273631556,0.1108087273631556,352.0,226.0
P56693,17,240.0,96.24372,0.0318055138784743,0.0445421486821918,0.0445421486821918,352.0,326.0
B5MCN3,956,4827.0,6409.9342900000065,0.0062628873703776,-0.040690247991532,0.040690247991532,87.0,333.0
Q99999,956,4827.0,6409.9342900000065,-0.0405027870862797,0.0441313598233472,0.0441313598233472,87.0,328.0
Q9UDX3,956,4827.0,6409.9342900000065,-0.0255501709160164,0.0060180555403314,0.0060180555403314,87.0,392.0
Q8IYX3,1,25.0,5.13544,0.0491596201976705,0.0179642909352448,0.0179642909352448,388.0,364.0
Q8N8J0,220,891.0,1415.55727,-0.0743560456486029,0.2443813626959926,0.2443813626959926,255.0,111.0
A6NJZ7,220,891.0,1415.55727,-0.0294924379208527,-0.32732258113826,0.32732258113826,255.0,62.0
A8MPS7,1,25.0,5.13544,0.0158047975886539,0.1571264649352855,0.1571264649352855,388.0,173.0
A4QPH2,222,990.0,1428.12062,-0.0073254025222357,-0.0783017840499964,0.0783017840499964,254.0,271.0
P68036,1,25.0,5.13544,0.2830743004689058,0.570715588383434,0.570715588383434,388.0,20.0
A6NGB0,1,25.0,5.13544,-0.0376654740528579,0.119561433667663,0.119561433667663,388.0,217.0
A6NNM3,220,891.0,1415.55727,0.0726541687552231,0.3759911050573111,0.3759911050573111,255.0,40.0
P0C7N4,220,891.0,1415.55727,-0.5821507510880259,-0.8016905825584179,0.8016905825584179,255.0,13.0
Q9HCN8,1,25.0,5.13544,0.0630539976050936,-0.1427737808714933,0.1427737808714933,388.0,187.0
Q9UFD9,220,891.0,1415.55727,0.2572113868980157,0.7956600199820648,0.7956600199820648,255.0,14.0
Q96JB3,1,25.0,5.13544,-0.0057702097975695,-0.178838974930857,0.178838974930857,388.0,153.0
A0A6I8PU40,326,2027.0,2227.748279999998,0.0347944595034181,0.4423481078265115,0.4423481078265115,219.0,31.0
Q9Y6X9,326,2027.0,2227.748279999998,-0.0463853378457024,-0.1618547097416177,0.1618547097416177,219.0,169.0
Q8IU80,683,3020.0,4361.257119999999,-0.0712569058059813,-0.1740486134128139,0.1740486134128139,131.0,160.0
O43272,219,866.0,1410.42183,-0.034517473085641,0.1243197093403546,0.1243197093403546,261.0,212.0
P61581,219,866.0,1410.42183,-0.0058158423621481,-0.1234767811905308,0.1234767811905308,261.0,213.0
Q5BKY6,376,1604.0,2434.7251899999983,0.1255126271605142,0.3297965082974427,0.3297965082974427,204.0,60.0
A0A494C0N9,219,866.0,1410.42183,-0.071553517337314,0.0624148696418129,0.0624148696418129,261.0,291.0
B5MD39,376,1604.0,2434.7251899999983,-0.0028021651817713,-0.1284758867962225,0.1284758867962225,204.0,207.0
P61580,219,866.0,1410.42183,-0.0059219715153862,0.0647072668463909,0.0647072668463909,261.0,286.0
Q14129,219,866.0,1410.42183,-0.0187802876873544,-0.0390508455636597,0.0390508455636597,261.0,337.0
P20472,618,2848.0,4140.337880000001,0.0238847551152474,-0.1311102310068963,0.1311102310068963,143.0,201.0
Q9ULX9,663,3331.0,4338.849010000001,0.3166377974086032,0.3144156016334983,0.3144156016334983,135.0,67.0
O60733,663,3331.0,4338.849010000001,0.0769804403433553,0.4295976204080912,0.4295976204080912,135.0,32.0
Q5THR3,722,3038.0,4806.05253,-0.0112551875208133,-0.1954532822755862,0.1954532822755862,126.0,139.0
P53673,216,1332.0,1446.311520000001,-0.0200378392015068,-0.2213516914882272,0.2213516914882272,266.0,124.0
P53674,216,1332.0,1446.311520000001,-0.0266624369243402,0.1302712464932781,0.1302712464932781,266.0,202.0
P32927,827,3688.0,5358.4061500000125,0.0174774390426062,0.1218664909106578,0.1218664909106578,107.0,215.0
A4QPB2,460,2174.0,2896.6004399999993,-0.0201756190476185,0.2522604405266681,0.2522604405266681,185.0,106.0
P0DOY2,464,1860.0,3209.205230000003,0.1065787938590485,0.2943733537613172,0.2943733537613172,177.0,72.0
B9A064,464,1860.0,3209.205230000003,0.0206693968768689,0.208075489745956,0.208075489745956,177.0,131.0
P0CF74,464,1860.0,3209.205230000003,0.0237575712622959,0.3736546924903572,0.3736546924903572,177.0,42.0
P0DOX8,464,1860.0,3209.205230000003,0.0615676503194286,-0.0395509082148044,0.0395509082148044,177.0,336.0
A0M8Q6,464,1860.0,3209.205230000003,1.0074091579861104,1.73158093461766,1.73158093461766,177.0,1.0
P0DOY3,464,1860.0,3209.205230000003,0.0488682338902943,0.2369240422039683,0.2369240422039683,177.0,115.0
A0A0A0MT76,464,1860.0,3209.205230000003,-0.0731843553883724,0.1734944092858948,0.1734944092858948,177.0,161.0
P0CG04,464,1860.0,3209.205230000003,-0.0206567201746601,0.0542779212255703,0.0542779212255703,177.0,305.0
Q7Z4Y8,30,151.0,187.73556,-0.0123670593572136,-0.1406150537318576,0.1406150537318576,346.0,191.0
P46109,698,2953.0,4671.994180000006,0.0125990360273515,-0.1822916795890131,0.1822916795890131,129.0,151.0
Q9UBR1,458,1986.0,2996.64688,-0.0292294539387096,0.3257996189248779,0.3257996189248779,187.0,63.0
Q96NT3,458,1986.0,2996.64688,-0.0152112303733886,-0.1823265849958405,0.1823265849958405,187.0,150.0
P62318,458,1986.0,2996.64688,-0.0257857691773768,0.0320932498859173,0.0320932498859173,187.0,346.0
Q9BPW4,50,323.0,287.89348,0.0771673587832069,0.2707509674132078,0.2707509674132078,343.0,88.0
O60784,896,3627.0,5793.107500000001,-0.1019620014918309,-0.2899019171655071,0.2899019171655071,96.0,75.0
Q9BW83,444,1853.0,2789.45203,-0.0541642626499259,0.0507183050278901,0.0507183050278901,191.0,316.0
P02144,431,1995.0,2733.811370000001,-0.0228888284100285,0.0212252197166763,0.0212252197166763,195.0,358.0
P48050,815,2802.0,5520.804709999998,-0.0305683612038354,-0.2651909667333348,0.2651909667333348,110.0,92.0
O43731,815,2802.0,5520.804709999998,-0.0312227227825694,0.0320542885029498,0.0320542885029498,110.0,347.0
Q96AY4,167,745.0,1026.9530799999998,-0.0312973284621866,0.2509865999826543,0.2509865999826543,282.0,107.0
P48739,167,745.0,1026.9530799999998,0.0064746434677314,-0.20968981234338,0.20968981234338,282.0,129.0
Q9Y6J0,99,281.0,646.28531,-0.0111919163489222,0.2561981816972725,0.2561981816972725,319.0,102.0
Q9UGT4,99,281.0,646.28531,0.0287866678166857,0.2717764895844943,0.2717764895844943,319.0,86.0
O95922,273,1048.0,1786.6230899999978,-0.0239939522396497,-0.09279410526692,0.09279410526692,232.0,251.0
Q9NQ50,210,725.0,1385.11087,0.009590777154548,0.1422186322201815,0.1422186322201815,268.0,189.0
P54198,210,725.0,1385.11087,-0.1078689005433481,-0.2564117321873562,0.2564117321873562,268.0,101.0
Q8N1L1,49,309.0,293.66974,-0.0104397298973175,-0.2756710343525549,0.2756710343525549,344.0,85.0
Q9UGR2,153,583.0,1026.6758199999997,-0.014569710577108,-0.2556692672630904,0.2556692672630904,293.0,104.0
Q14106,153,583.0,1026.6758199999997,-0.0139394109519326,0.1000090234032011,0.1000090234032011,293.0,245.0
P46060,153,583.0,1026.6758199999997,-0.0100421318593957,-0.1766803744133544,0.1766803744133544,293.0,157.0
Q9Y535,153,583.0,1026.6758199999997,-0.951536967812805,-1.4195312344774662,1.4195312344774662,293.0,5.0
Q10587,153,583.0,1026.6758199999997,0.0229381533101058,0.4644199308390696,0.4644199308390696,293.0,30.0
Q99798,153,583.0,1026.6758199999997,0.903075880560511,1.2203499114782934,1.2203499114782934,293.0,7.0
Q7RTV0,153,583.0,1026.6758199999997,0.0707016268728502,0.0243020090532845,0.0243020090532845,293.0,354.0
Q5R3F8,446,2359.0,3217.6973199999993,0.0110922176633891,-0.128232702939974,0.128232702939974,190.0,208.0
Q9UGU5,554,1835.0,3498.9295600000023,0.0254327485233414,0.1586370106129228,0.1586370106129228,155.0,171.0
Q3SYA9,2,99.0,12.56335,-0.0198004528884396,-0.3958706527165016,0.3958706527165016,383.0,35.0
O95721,2,99.0,12.56335,-0.0234393864386426,0.204225702506191,0.204225702506191,383.0,134.0
P05546,2,99.0,12.56335,-0.0315319731922496,0.0546295205730261,0.0546295205730261,383.0,302.0
P42356,2,99.0,12.56335,-0.0683497398059262,-0.0623019814812849,0.0623019814812849,383.0,292.0
Q9H0A3,2,99.0,12.56335,0.0066641519557606,0.2250252386997217,0.2250252386997217,383.0,121.0
Q8N5Z5,27,153.0,155.77140999999995,0.0618898872432094,-0.0526782340500054,0.0526782340500054,347.0,308.0
P30566,8,92.0,44.01859,0.0240908418698602,0.2777718473858007,0.2777718473858007,376.0,83.0
Q96HU1,8,92.0,44.01859,-0.0551123189524291,-0.1673570127614861,0.1673570127614861,376.0,166.0
Q53GT1,78,300.0,469.3953800000001,0.0185390021833562,0.1066110620088185,0.1066110620088185,324.0,230.0
Q96GP6,78,300.0,469.3953800000001,0.024468517813986,-0.1299951016582046,0.1299951016582046,324.0,203.0
P28482,130,466.0,873.6822599999992,0.0008152615976921,0.1326035280917463,0.1326035280917463,304.0,199.0
Q9UH36,1,132.0,7.06173,0.0456733574184742,0.0744802608213764,0.0744802608213764,388.0,276.0
Q9NQG7,1,132.0,7.06173,-0.0156782692028976,-0.1534498999589426,0.1534498999589426,388.0,177.0
Q9UBB9,1,132.0,7.06173,0.0348804204266528,-0.0202251612160335,0.0202251612160335,388.0,359.0
Q6ICH7,1,132.0,7.06173,0.0188580818655825,0.1030173145016713,0.1030173145016713,388.0,235.0
P53007,13,140.0,75.56197,-0.0494226062676883,-0.0510391646217542,0.0510391646217542,370.0,315.0
P53675,13,140.0,75.56197,0.0097299233198917,-0.1080785915124389,0.1080785915124389,370.0,228.0
Q9BXQ6,550,2985.0,3640.3988200000017,0.0126862031545185,0.0467469362902188,0.0467469362902188,156.0,322.0
O95567,220,1073.0,1368.3521799999996,0.0007767738047128,-0.2228752568851534,0.2228752568851534,255.0,123.0
Q13323,152,1413.0,898.1487199999996,-0.0046581306567148,-0.0128772288033156,0.0128772288033156,300.0,376.0
Q8IVS2,152,1413.0,898.1487199999996,0.0065441128244341,-0.0142555715021076,0.0142555715021076,300.0,373.0
Q01844,74,401.0,452.69472,0.6801888008637533,1.088470351308893,1.088470351308893,326.0,9.0
Q10567,74,401.0,452.69472,-0.0604834885289609,0.1422274377794292,0.1422274377794292,326.0,188.0
Q92737,74,401.0,452.69472,0.0457297413041999,-0.0608672246071742,0.0608672246071742,326.0,294.0
Q9Y3P4,74,401.0,452.69472,0.0151847642938882,0.1435464091768183,0.1435464091768183,326.0,186.0
Q99501,74,401.0,452.69472,0.0160742629368648,-0.2825448190823108,0.2825448190823108,326.0,79.0
Q9Y6U7,25,126.0,151.95341000000002,0.0276293105898783,-0.1327359182929508,0.1327359182929508,348.0,198.0
Q8WTX7,4,30.0,21.71678,0.0022807417681214,-0.1328345831555398,0.1328345831555398,378.0,197.0
Q9BXI6,4,30.0,21.71678,0.4752410443810628,0.6143923337398262,0.6143923337398262,378.0,18.0
Q15459,4,30.0,21.71678,-0.0305443467673516,-0.0437945633834254,0.0437945633834254,378.0,329.0
Q569K6,4,30.0,21.71678,0.0248105838766168,0.174663228427392,0.174663228427392,378.0,158.0
Q9H6A9,4,30.0,21.71678,-0.0550840088607387,-0.2914764760880592,0.2914764760880592,378.0,73.0
A6NHG4,106,291.0,708.2424899999997,-0.0092746441721551,0.0461300473504559,0.0461300473504559,308.0,323.0
P30046,106,291.0,708.2424899999997,0.0264553402040306,0.1772918414546182,0.1772918414546182,308.0,156.0
P0CG30,106,291.0,708.2424899999997,-0.0276337017841807,0.2019244634644038,0.2019244634644038,308.0,135.0
P0CG29,106,291.0,708.2424899999997,-0.0769921441946737,-0.1471601077482117,0.1471601077482117,308.0,181.0
A0A1W2PR19,106,291.0,708.2424899999997,-0.0176711660253321,-0.0068395107199279,0.0068395107199279,308.0,390.0
Q9UGU0,100,795.0,624.0850600000001,0.0568509182007304,-0.0642141074691542,0.0642141074691542,313.0,288.0
P10635,100,795.0,624.0850600000001,-0.0719327855328124,-0.0860699161130315,0.0860699161130315,313.0,264.0
Q9H4I9,100,795.0,624.0850600000001,-0.0168497222728536,-0.0514258934707784,0.0514258934707784,313.0,313.0
P56556,100,795.0,624.0850600000001,-0.0095511034358182,0.077586082179532,0.077586082179532,313.0,272.0
A0A087X1C5,100,795.0,624.0850600000001,0.0532383770249929,0.1061909906365233,0.1061909906365233,313.0,231.0
Q6ICB4,100,795.0,624.0850600000001,-0.0069680514766456,-0.0336394453382635,0.0336394453382635,313.0,344.0
Q9UDX5,21,96.0,130.23663000000002,-0.0664567798645752,-0.0087813238640609,0.0087813238640609,350.0,385.0
O76054,21,96.0,130.23663000000002,-0.0080072027567918,0.2233375520387543,0.2233375520387543,350.0,122.0
Q96DF8,16,69.0,89.50127,-0.0469015433937496,-0.189615896167846,0.189615896167846,361.0,144.0
O15499,16,69.0,89.50127,0.5904840152865569,1.1297344044849065,1.1297344044849065,361.0,8.0
A0A494C0Y3,157,738.0,1024.3033599999997,-0.0705603557461653,-0.2713427255045834,0.2713427255045834,291.0,87.0
