protein_id,baseline_log2
A0A024R1R8,14.294286148827364
A0A087X1C5,13.968170883251616
A0A0A0MRZ9,8.326407419664337
A0A0A0MT76,11.307695905990535
A0A1W2PR19,12.060158207000109
A0A494C0N9,14.677389537760112
A0A494C0Y3,12.031071573387257
A0A590UK83,10.125715692736804
A0A6I8PU40,9.741840434071827
A0M8Q6,10.2588208637351
A1L190,12.519310255799741
A4QPB2,14.674906317523249
A4QPH2,10.538968820762998
A6NGB0,8.478395629513582
A6NHG4,8.366623629975813
A6NJZ7,13.460142802434465
A6NM43,14.165687634239104
A6NNM3,7.052780798541249
A6PVC2,6.665588569551781
A8K8P3,11.944336637564518
A8MPS7,7.461732441926983
A8MYP8,14.246641904563413
B1AH88,9.103346739240745
B5MCN3,7.438719329711427
B5MD39,15.209704724874502
B8ZZ34,7.655317227352782
B9A064,8.847200823379357
F5H4B4,7.536133951920586
H7C350,7.15490063665355
L0R8F8,6.2114801633644
O00178,6.553954091642601
O00192,7.746414709358527
O00501,6.533819326271754
O00541,11.911438161109713
O00587,12.807145267995065
O14791,9.936304568320281
O14994,9.179910969520494
O15031,11.0452623702223
O15371,14.750049422346086
O15442,14.51131626822206
O15499,6.43475062012792
O15547,7.814984095965241
O43246,8.36744871104396
O43247,8.493875758322119
O43251,11.712326517427726
O43272,10.162624257031922
O43435,6.49254119927594
O43731,9.736141384595715
O43759,11.237529487176372
O43808,7.0167190290371595
O43819,14.334585537885598
O60688,6.519618664651043
O60704,15.248418690180621
O60733,6.991131415798755
O60755,14.435749515977527
O60784,15.026531439276171
O75132,15.795706805865926
O75140,14.020258802735935
O75170,13.794775407713288
O75419,12.424832759955477
O75600,13.78996354578129
O75631,7.345522084131471
O75648,11.360680359476373
O75677,11.142228701904145
O75678,14.575721441225575
O75679,10.627993655935159
O75791,9.850894961003535
O76054,12.3956327123711
O95236,8.664633175008461
O95248,7.3976841095395685
O95461,10.778772740237457
O95502,10.16889368594885
O95503,8.325699405288738
O95567,9.67511810115128
O95696,9.663924498262475
O95721,9.274955644125455
O95755,9.79464079726929
O95907,12.857433454559454
O95922,8.968764745712853
O95931,15.488579267153405
O95985,15.16348019538178
O96015,10.809104283000785
O96017,9.283612050046887
P00387,11.35434789830003
P01127,14.485604887736246
P01701,12.52587340560102
P02144,14.043918279470773
P05162,11.327222760657403
P05546,12.329176292676207
P07305,8.881556141824618
P09382,13.348931623102908
P09601,8.024045931257184
P0C7N4,12.947981288184982
P0C7P2,14.60719068325894
P0CF74,7.321028373015439
P0CG04,12.143797405419198
P0CG29,6.950957482299346
P0CG30,13.25715628271427
P0DOX8,6.8449321882352026
P0DOY2,15.35939822700626
P0DOY3,7.374079300378021
P0DSO1,15.588802459090804
P10323,14.008841760850967
P10635,11.936820044663541
P11274,13.826241046295468
P12018,13.951148389830859
P12036,15.460270628173303
P12956,8.533833538391871
P13224,11.900758953583091
P13725,6.950491975644012
P13866,12.161657000241213
P14174,7.712913040927888
P14784,11.649506114724419
P15018,11.724305140338497
P15153,10.659851529812274
P15289,11.226317755131227
P15814,13.639233900065879
P17050,13.992447165120666
P17861,10.921532155754292
P18848,11.995934415226124
P19086,15.31236235690102
P19440,7.197335885011228
P19971,7.171035659001105
P20062,6.8770901191076845
P20472,12.578632850405278
P21964,10.186083007903795
P23142,13.743214161418432
P24347,12.712314133085926
P25325,9.336377583282381
P26998,14.983665473615357
P28482,13.625321470706524
P29274,8.705349409101757
P30046,9.64192017772054
P30536,9.144399802042628
P30566,7.576116486249997
P31941,7.477833725421917
P32745,15.361274633757441
P32927,10.379040371987532
P33992,9.833198227774098
P35240,13.29685708677378
P35579,11.529930652529
P35625,15.361399868384622
P35626,13.803014939093922
P36269,10.793695641245403
P36543,9.763594734808262
P39023,15.86631544924322
P42356,13.177602360036435
P43320,15.511946600038412
P43487,7.184785772170414
P46060,14.505336791907826
P46109,12.370738839912075
P48050,7.219216783351126
P48739,11.882579999692208
P49593,12.860963651054488
P49674,6.123026858886028
P50502,10.543179618417465
P53007,14.253995111963212
P53671,8.953590253440899
P53673,10.58548081798551
P53674,10.423141270678933
P53675,9.019273914424916
P53778,15.184418955155543
P53814,13.81294035431516
P54198,7.105884109961105
P55769,15.97034657837573
P55957,14.792000243077453
P56556,8.83908437864039
P56693,14.368965796609382
P56706,7.064195318713828
P59817,15.991047304742386
P61218,12.656847361065369
P61580,12.50125015558797
P61581,6.904407269841327
P62318,14.970333988966253
P62877,6.289995032044694
P68036,8.408280580411471
P78395,7.4302187516663505
P85298,13.767679406922186
P85299,7.982042272128979
P86434,15.106382271308853
P98153,12.562690393274902
Q00587,6.361627104946962
Q01844,6.054298341287005
Q04917,6.51657917014399
Q07869,12.059251776477277
Q09327,14.014818108594152
Q09472,8.385528206273886
Q10567,14.494088429230729
Q10571,6.572319401532604
Q10587,14.009638536416762
Q12772,15.277954301722804
Q12824,13.721083991043805
Q13323,12.981207839786371
Q13356,14.379802186553832
Q13387,6.401512995470664
Q13615,8.017821107190553
Q13769,7.249236793056431
Q14106,11.045309901929866
Q14129,13.451881283288445
Q14166,12.300118445763987
Q14390,14.51131099761935
Q14565,7.552129924410909
Q15040,13.346210919351616
Q15049,7.930414908689041
Q15080,8.707587513178002
Q15459,13.099046972813039
Q15735,15.802047848986819
Q15750,12.115436059770696
Q15759,6.545003149912956
Q16587,12.163089699275329
Q16762,6.423505515801671
Q2M1V0,14.841457113668172
Q2NKQ1,13.095782851006208
Q2VPJ9,7.731278464225032
Q2WGN9,6.917210058241981
Q3SXP7,7.8353322888031895
Q3SYA9,15.800271795541924
Q53GT1,10.585606424584899
Q569K6,13.84080948341408
Q5BKY6,12.364083421077769
Q5GH77,11.724131499586374
Q5R3F8,7.451302546650497
Q5R3I4,15.460244535580951
Q5THK1,9.01342632514718
Q5THR3,11.780172158075422
Q5TIA1,12.997759445890662
Q69YQ0,12.492331552453088
Q6IBW4,15.405944096955185
Q6IC83,7.48438989920058
Q6IC98,11.08352738446942
Q6ICB0,10.04034390740766
Q6ICB4,10.741687294826182
Q6ICC9,7.192175261977447
Q6ICG6,7.340946098727653
Q6ICG8,8.780755457812575
Q6ICH7,9.047046037608313
Q6ICI0,10.2790321368135
Q6ICL3,12.109875470366283
Q6ICL7,12.34629117418263
Q6NTF7,10.118108965855702
Q6NUI6,10.08783109428697
Q6NVV7,8.17628526696962
Q6NXT1,11.883062484090082
Q6P575,9.17040911317238
Q6P5X5,6.360598342773637
Q6PGQ1,10.184000441568603
Q6S545,10.741326750901703
Q6UXH1,8.25592868204211
Q6UXV3,11.724579331221157
Q6UXY1,11.657719004319208
Q6ZQY2,13.020021811103714
Q6ZR54,12.4794848220121
Q6ZT62,12.524330565210317
Q6ZVW7,9.162141518240432
Q7L3V2,13.87432221985954
Q7RTP6,11.491443835996794
Q7RTV0,10.3141819517989
Q7Z3Z3,12.26012480941057
Q7Z412,9.606573344502543
Q7Z4H4,11.127392446067581
Q7Z4Y8,13.367056884822203
Q7Z5A7,14.864028867237078
Q7Z6W7,15.210571972951916
Q7Z6Z6,11.036329251830992
Q86V35,11.20275114740569
Q86V86,13.998704107638364
Q86WX3,9.144506917442012
Q86YH2,14.373823623450686
Q8IU80,10.941416465174235
Q8IUG5,7.1585672433526835
Q8IUX4,6.7205914707294365
Q8IVS2,14.419932110394631
Q8IWD4,6.555679169068779
Q8IWF2,8.806114361336558
Q8IWL3,9.341300405015458
Q8IWY4,7.729944451915938
Q8IYW4,9.138933698019892
Q8IYX3,13.426925667250856
Q8IZ69,6.146828435600708
Q8IZJ4,14.271734245206865
Q8N1L1,14.565480235745582
Q8N3F8,9.722615731915482
Q8N5Z5,7.536128990606348
Q8N653,12.00840407945081
Q8N7B1,7.196725558648943
Q8N8J0,9.649193610782525
Q8NDV3,15.584291809009724
Q8NEG4,15.95464472583637
Q8NEG7,13.721048913545856
Q8NEJ0,9.109615099207662
Q8NET5,12.876650491660925
Q8NFI4,13.054063654840128
Q8NFQ6,9.878416951636497
Q8NG94,12.408886345861594
Q8TCT0,6.107276449756762
Q8WTX7,8.090576586022415
Q8WUA7,11.250883029672611
Q8WWX9,7.637513042582959
Q8WYQ3,7.659068678765337
Q8WYQ4,14.363042905502379
Q8WYQ5,15.891330026836055
Q92523,11.559694280284484
Q92737,14.390697308817135
Q92841,15.903216643262725
Q92871,7.415958885687747
Q92890,10.482456132543511
Q969R2,9.9257271584192
Q969R5,6.80049283646185
Q969S8,13.553301727947446
Q969V6,10.33779027322593
Q96A84,10.693269341904013
Q96AK3,7.506729738132401
Q96AY4,7.809266522308681
Q96D21,15.07103622156215
Q96DF8,6.446490889742789
Q96EK2,8.328522849437062
Q96F46,8.920593303145283
Q96FE7,10.901975424015864
Q96G42,11.864451730147959
Q96GD0,10.932899758506666
Q96GF1,6.84115334556882
Q96GP6,8.436674540557135
Q96HU1,14.435883847625412
Q96JB3,12.375887004784591
Q96M85,12.491490501342744
Q96MU8,12.70203255351355
Q96NN9,13.62903019039529
Q96NT3,6.581084817214474
Q96PF2,9.666083849326125
Q96Q80,11.395274352616788
Q96RD6,9.384564832973261
Q96RJ3,14.444788732871865
Q96RN5,10.82572508587294
Q96RT7,13.686275894593791
Q96SF2,14.52015516881169
Q99501,11.04791482903498
Q99705,15.095522438713498
Q99719,11.871239405369806
Q99757,14.502742988337218
Q99798,9.405907955915243
Q99999,10.988169585314852
Q9BPW4,11.314110410045778
Q9BPW8,7.049797158960706
Q9BQE5,9.985525067015406
Q9BR01,15.17337672551676
Q9BT49,12.308322403647423
Q9BU23,7.775065824369674
Q9BV10,9.38855635609605
Q9BVL4,7.916030096626998
Q9BW83,6.248231317985725
Q9BWT7,15.274604585040267
Q9BWW8,10.482073282568715
Q9BWW9,9.075350724207862
Q9BXF3,11.984771915577365
Q9BXI6,6.073144562930157
Q9BXI9,8.780221066008139
Q9BXK5,13.030334656988925
Q9BXQ6,12.337697730692629
Q9BXT6,15.818059475425354
Q9BXW7,12.20357709658044
Q9BY27,10.775058736277327
Q9BY77,13.614325631840076
Q9BY89,15.033278719640531
Q9BYB0,13.206959467183516
Q9BYB4,15.632112235493796
Q9BYH1,13.820051707381772
Q9BYW1,14.668014382619265
Q9BZE7,7.1410407118363715
Q9BZR6,13.324135029937878
Q9H0A3,10.400886995273687
Q9H1I8,11.531038024112753
Q9H1K4,12.541024094823568
Q9H2D6,15.698151167055695
Q9H4I3,15.845780814316246
Q9H4I8,8.882282454879054
Q9H4I9,13.337534974379162
Q9H4K1,13.499835379352685
Q9H6A9,9.464928613130489
Q9H6E4,7.23869774864221
Q9HBE1,6.409469602857198
Q9HBI0,13.773431275291784
Q9HBI1,10.89699741816906
Q9HC16,15.855401694949261
Q9HCN8,10.64973456193653
Q9NNW7,15.779169790738402
Q9NP61,10.115760021940599
Q9NPC4,13.936821505599726
Q9NQ50,6.848192723118321
Q9NQF3,11.554617101377639
Q9NQG6,14.020597869857243
Q9NQG7,15.247016672198887
Q9NQH7,14.225830906174316
Q9NRA8,6.369707272011742
Q9NRD5,9.727023413067343
Q9NRW3,6.486984723138512
Q9NS69,7.09282291114558
Q9NSP4,12.753056286674841
Q9NSQ0,13.132581963116982
Q9NST1,13.737206827516264
Q9NTG1,14.654565480556629
Q9NV39,13.3943146847651
Q9NWS6,14.00871592106632
Q9NY65,6.489637098232793
Q9NY91,8.345351504412985
Q9NYQ6,12.218977733752457
Q9NYZ3,14.581253046248232
Q9NZ20,6.0450012493965914
Q9NZK5,11.146293421163499
Q9P0X4,12.772873993643973
Q9UBB4,6.296072891286132
Q9UBB9,10.013555575533879
Q9UBR1,14.956348813836968
Q9UC06,12.716128088558587
Q9UDW1,8.376583633605973
Q9UDW3,14.527811296319127
Q9UDX3,9.480314234095143
Q9UDX4,14.533446711440595
Q9UDX5,8.989436511189055
Q9UFD9,11.903202508831491
Q9UG56,9.96940067747834
Q9UGB7,8.74825050755067
Q9UGR2,14.865575621718692
Q9UGT4,7.875936819394913
Q9UGU0,6.848115912357631
Q9UGU5,9.419269385456603
Q9UGY1,13.176391476415676
Q9UH03,14.074316059762817
Q9UH17,15.987433700667648
Q9UH36,8.96362057011165
Q9UH99,10.079419511312821
Q9UHP6,7.368212780296263
Q9UIA0,11.748719296230336
Q9UJY5,15.975800372629172
Q9UKI3,13.008810101206585
Q9UKX7,11.952128404133717
Q9ULC8,9.92369092921794
Q9ULT6,15.152987602855548
Q9ULX9,10.969165961303494
Q9UMW8,7.343669133130615
Q9UNF0,9.653784631991336
Q9UNT1,6.671666688477669
Q9UPQ9,8.019790376887816
Q9Y259,6.176687809999122
Q9Y262,10.532799165001634
Q9Y295,12.345402649517972
Q9Y3A4,9.432924623789077
Q9Y3I0,10.203817715052772
Q9Y3I1,15.59209272844576
Q9Y3L3,13.519631215749154
Q9Y3M2,11.408566369449513
Q9Y3P4,8.845408751118253
Q9Y442,14.969967987729952
Q9Y512,8.350971168806595
Q9Y519,9.25342730516677
Q9Y534,15.090648144229485
Q9Y535,11.295420552850723
Q9Y698,13.423179494179767
Q9Y6J0,11.907447941637662
Q9Y6U7,12.53439209009495
Q9Y6X9,8.993832915148255
