protein_id,graph_degree,graph_weight,graph_lift
P36543,796,5992.0,4830.812450000007
Q9H1K4,786,5452.0,4776.221000000006
Q9BXF3,7219,37837.0,46926.25728999982
Q7RTP6,4557,21231.0,30513.15142999988
Q9BYH1,5185,26294.0,33782.2374899998
Q8IUG5,9171,43746.0,60367.32847999969
O43435,1438,7269.0,9902.886559999999
Q9BYB4,2969,15004.0,19956.48249999991
Q8NFQ6,3342,16919.0,22145.05921999982
P01127,1259,5551.0,8358.437710000015
Q9UBB4,684,3046.0,4461.008210000001
Q9NNW7,2598,13141.0,17141.797850000035
Q7L3V2,1545,8003.0,10210.801750000019
Q9BWW9,603,2027.0,4050.4474100000034
Q9BY27,483,2576.0,3211.30612
P12018,1018,5235.0,6864.958869999996
P11274,3616,15539.0,24872.854359999983
Q9BWT7,2190,10833.0,14588.274209999978
Q96EK2,3112,14735.0,20331.983759999952
Q96D21,667,3824.0,4148.07453000001
Q9Y698,2726,14918.0,17610.179710000026
Q8IYW4,823,4659.0,5346.424820000001
O75791,1228,6461.0,8105.156319999988
P23142,3102,13659.0,20993.900149999914
O95755,2292,10345.0,15309.364990000016
Q9UHP6,1515,7727.0,9977.239960000023
P19086,968,5152.0,6397.296030000011
Q9NYQ6,8192,39563.0,54781.06400999984
Q7Z5A7,11362,54654.0,75109.75618000013
Q2NKQ1,2913,14631.0,19051.925629999976
Q6ICI0,223,1237.0,1419.9998799999998
Q9HBI1,5290,23806.0,35685.78366000003
Q9NST1,927,3787.0,6128.882820000009
Q9Y512,239,712.0,1615.2207599999995
P15814,757,5407.0,4585.8701299999975
Q6P575,238,1242.0,1724.3755499999995
Q6PGQ1,762,4471.0,5055.46903
Q8IZJ4,238,1242.0,1724.3755499999995
Q9UC06,238,1242.0,1724.3755499999995
Q6IC83,1851,8671.0,12323.945130000046
O00541,880,4727.0,5727.100390000014
Q8TCT0,1276,7799.0,8320.537980000005
P39023,142,682.0,885.67661
O43759,167,943.0,1023.0015900000003
Q9H4I3,340,1603.0,2134.870709999999
Q9BVL4,340,1603.0,2134.870709999999
Q96RD6,351,1845.0,2191.7310499999985
Q96RT7,340,1603.0,2134.870709999999
P85298,3186,13974.0,21607.65914999986
Q10571,3805,17567.0,25454.085589999962
P13866,207,913.0,1338.1295
Q04917,207,913.0,1338.1295
O14994,3971,22170.0,25272.978689999985
Q2M1V0,198,1038.0,1259.1443900000006
Q9HBI0,832,5113.0,5519.975960000001
Q96F46,432,2786.0,2718.6714599999996
Q9NV39,891,5114.0,5821.856770000015
Q07869,2195,14774.0,14175.30244
Q9NY65,1438,7362.0,9536.499530000006
P21964,840,5277.0,5381.701739999991
P43487,1175,5504.0,7823.251029999988
Q9ULC8,1175,5504.0,7823.251029999988
Q8IZ69,1175,5504.0,7823.251029999988
Q8WYQ5,1175,5504.0,7823.251029999988
H7C350,1175,5504.0,7823.251029999988
Q6ICL3,1246,5738.0,8301.354089999986
Q16587,713,3589.0,4731.496909999998
Q8WYQ3,1827,9359.0,12217.933659999995
P24347,949,5051.0,6481.050630000017
Q12824,949,5051.0,6481.050630000017
Q96Q80,949,5051.0,6481.050630000017
P43320,729,3866.0,5151.215699999998
Q8WWX9,415,3530.0,2532.4604600000007
P53814,415,3530.0,2532.4604600000007
Q15735,415,3530.0,2532.4604600000007
Q9NZ20,415,3530.0,2532.4604600000007
Q9NY91,1797,9533.0,11814.788920000017
O95461,6986,35272.0,45246.10619000014
P09382,225,1711.0,1342.33195
Q6ZT62,225,1711.0,1342.33195
Q9UJY5,225,1711.0,1342.33195
Q9Y3L3,225,1711.0,1342.33195
Q96GD0,225,1711.0,1342.33195
P49674,2180,8916.0,14677.630700000047
P31941,1110,5112.0,7351.129210000002
Q9UH17,1110,5112.0,7351.129210000002
Q96AK3,1258,6868.0,8274.421840000015
Q8IUX4,1258,6868.0,8274.421840000015
Q9NRW3,1258,6868.0,8274.421840000015
Q9HC16,1258,6868.0,8274.421840000015
Q8NEG4,1388,8360.0,8901.272219999988
Q9UPQ9,506,4534.0,3091.3382099999994
Q969R5,61,1238.0,346.2734000000001
Q6NUI6,61,1238.0,346.2734000000001
Q09472,61,1238.0,346.2734000000001
Q14166,1900,8150.0,12754.688279999982
Q8IWY4,3335,17544.0,22235.97461999998
O15442,2617,10602.0,17514.37680999994
Q9BYW1,1054,6591.0,6707.483499999983
Q69YQ0,1352,7812.0,8895.284370000029
P36269,838,4128.0,5726.044860000005
P29274,618,4343.0,3868.8745599999947
P86434,618,4343.0,3868.8745599999947
P14784,631,4488.0,3895.413439999995
P15153,908,4608.0,5584.803720000004
Q99705,230,1515.0,1409.0724399999997
Q969V6,238,1607.0,1453.0910299999991
Q3SXP7,3124,15021.0,20938.58010999993
Q6ICG6,649,3073.0,4431.786890000002
Q6IC98,299,2715.0,1796.8042500000004
O15371,1905,10494.0,12431.496840000007
Q99757,1905,10494.0,12431.496840000007
Q8IWF2,1905,10494.0,12431.496840000007
P59817,1174,7120.0,7918.571999999997
Q86YH2,1174,7120.0,7918.571999999997
P35626,1305,6875.0,8341.863370000014
Q9P0X4,3204,15876.0,21178.959359999968
P49593,534,3760.0,3653.4101800000058
O95985,534,3760.0,3653.4101800000058
Q5R3I4,1248,7632.0,8260.197360000006
O75648,1248,7632.0,8260.197360000006
Q9NTG1,1248,7632.0,8260.197360000006
Q9NYZ3,1248,7632.0,8260.197360000006
Q7Z3Z3,283,2485.0,1725.08486
Q14390,33,554.0,178.21185000000003
Q6NTF7,403,1721.0,2688.8899499999984
O95236,266,1542.0,1783.6151900000011
P26998,175,1101.0,1102.5715700000003
Q9BY89,676,3120.0,4490.282270000003
Q15750,25,261.0,137.32498
Q9BXI9,201,1614.0,1630.5902699999997
P32745,201,1614.0,1630.5902699999997
L0R8F8,466,2424.0,2927.352299999997
Q9NQG6,466,2424.0,2927.352299999997
Q09327,466,2424.0,2927.352299999997
P18848,466,2424.0,2927.352299999997
Q86WX3,466,2424.0,2927.352299999997
O75631,1246,5699.0,8848.45899000001
Q9BQE5,459,3555.0,3064.0061699999974
P07305,504,2049.0,3388.074100000005
O75600,520,2267.0,3477.804220000004
Q9UGY1,504,2049.0,3388.074100000005
Q9H2D6,504,2049.0,3388.074100000005
Q9Y519,163,1939.0,995.3407700000001
O95502,301,1091.0,1903.34585
O96015,301,1091.0,1903.34585
Q15049,14,364.0,83.09653999999999
Q9BXT6,14,364.0,83.09653999999999
A6PVC2,14,364.0,83.09653999999999
A0A024R1R8,408,1848.0,2775.295470000002
Q12772,276,2723.0,2054.9810399999997
P55769,51,804.0,278.99939
Q92871,51,804.0,278.99939
Q6ICB0,51,804.0,278.99939
Q9H6E4,51,804.0,278.99939
Q9Y534,51,804.0,278.99939
Q5TIA1,51,804.0,278.99939
P12956,51,804.0,278.99939
Q6NVV7,399,3172.0,2557.07812
Q9UKI3,881,4431.0,5758.592660000014
Q8WYQ4,881,4431.0,5758.592660000014
P30536,1130,4805.0,7676.824680000027
B1AH88,1130,4805.0,7676.824680000027
Q9BXK5,70,669.0,429.96020000000004
P55957,119,978.0,723.6299400000001
P19440,623,3682.0,3869.453209999997
Q2VPJ9,1080,5662.0,6854.358190000002
Q5THK1,1147,6438.0,7488.256349999993
Q9Y442,611,4011.0,3946.190149999999
O75140,611,4011.0,3946.190149999999
Q9Y3I0,70,1190.0,417.5788999999999
P85299,3725,19223.0,24564.09122999984
O43808,385,3556.0,2363.212140000001
P62877,164,1982.0,944.9070999999997
Q9NQH7,164,1982.0,944.9070999999997
Q8NFI4,164,1982.0,944.9070999999997
Q7Z6W7,164,1982.0,944.9070999999997
P50502,164,1982.0,944.9070999999997
P15018,841,4910.0,5386.619750000002
P13725,841,4910.0,5386.619750000002
O75679,199,1747.0,1273.54891
P0C7P2,199,1747.0,1273.54891
P09601,612,3172.0,4089.97535
P33992,984,5040.0,6417.0620700000145
P35625,611,3399.0,3827.944830000008
O00587,1055,4654.0,7179.837550000011
Q6P5X5,11,266.0,57.09067
O75419,11,266.0,57.09067
O00501,11,266.0,57.09067
Q92890,11,266.0,57.09067
Q9UIA0,1575,7317.0,10557.51469999999
P56706,2054,10323.0,13730.361100000018
Q8IWD4,480,2782.0,3054.7996800000005
Q8IWL3,480,2782.0,3054.7996800000005
P17861,480,2782.0,3054.7996800000005
O95696,183,1226.0,1117.71351
O75132,183,1226.0,1117.71351
Q6UXH1,183,1226.0,1117.71351
Q9BV10,183,1226.0,1117.71351
Q96NN9,1668,7485.0,11302.552499999987
Q969R2,1366,7001.0,9269.0145
O95931,567,2539.0,3807.133740000007
O43246,580,3660.0,3726.7836200000024
O15547,1342,7760.0,8562.153519999998
Q6ZQY2,580,3660.0,3726.7836200000024
Q6ZR54,90,388.0,552.3177900000001
P12036,810,3685.0,5406.05751
O75677,810,3685.0,5406.05751
Q6ICG8,225,1919.0,1775.981649999999
Q9NSP4,225,1919.0,1775.981649999999
P17050,325,2714.0,2400.066710000002
Q96RJ3,225,1919.0,1775.981649999999
Q9UH03,225,1919.0,1775.981649999999
B8ZZ34,225,1919.0,1775.981649999999
A0A590UK83,225,1919.0,1775.981649999999
O43247,635,2715.0,4162.46953
P25325,662,2868.0,4318.240940000002
Q16762,635,2715.0,4162.46953
Q9BXW7,788,3872.0,5118.408560000001
Q9NZK5,258,1206.0,1599.6955899999996
Q15080,1816,8621.0,11688.597660000009
Q6ICC9,1107,6214.0,7209.514589999993
P78395,931,3989.0,6093.132380000004
P13224,1861,7801.0,12200.686060000022
Q99719,1861,7801.0,12200.686060000022
O00192,156,1513.0,969.2667800000003
P14174,443,2864.0,2828.7876300000044
O60704,375,2592.0,2552.522040000004
Q9UG56,541,2527.0,3584.092689999994
Q9NRA8,541,2527.0,3584.092689999994
A8K8P3,541,2527.0,3584.092689999994
Q9NPC4,148,1616.0,869.9505599999999
Q7Z412,787,3496.0,5358.118510000009
A0A0A0MRZ9,778,3858.0,5168.93199
P01701,778,3858.0,5168.93199
O75678,292,1681.0,1802.1942399999987
Q9UMW8,848,3335.0,5653.524530000015
Q9BZR6,239,1732.0,1423.1684199999997
Q9H1I8,14,562.0,78.19045999999999
Q86V35,14,562.0,78.19045999999999
Q9UDW1,14,562.0,78.19045999999999
Q9UDW3,14,562.0,78.19045999999999
Q13615,127,890.0,853.6016899999996
Q8N7B1,127,890.0,853.6016899999996
Q8NEJ0,291,1873.0,1842.5589
Q6ICL7,291,1873.0,1842.5589
P20062,291,1873.0,1842.5589
Q9BWW8,86,365.0,540.1986000000002
Q9H4K1,306,1201.0,2184.8607799999986
Q8WUA7,4071,17962.0,26585.676639999903
Q9UKX7,467,2849.0,2898.801829999998
Q00587,1312,7578.0,8721.503630000007
P05162,1312,7578.0,8721.503630000007
Q8NET5,1028,4538.0,7111.047999999994
Q96M85,434,1892.0,2776.129339999997
Q9Y3I1,754,4157.0,4982.333009999991
P35579,818,4222.0,5201.150169999997
Q9BT49,767,4237.0,4872.03983000001
Q8N653,769,4289.0,4882.366920000009
Q9H4I8,333,1696.0,2089.355300000001
Q9NQF3,333,1696.0,2089.355300000001
Q9NSQ0,333,1696.0,2089.355300000001
P00387,363,1847.0,2277.090860000001
Q9BY77,333,1696.0,2089.355300000001
Q9Y3A4,333,1696.0,2089.355300000001
Q9BR01,357,1625.0,2368.7574600000003
Q9ULT6,344,1454.0,2314.45211
Q96MU8,718,3122.0,4681.506000000005
Q96A84,588,2303.0,3805.1713199999976
O43251,98,1088.0,560.9736000000001
O60755,17,240.0,96.24372000000001
Q6UXY1,680,3571.0,4435.09273
Q9BZE7,17,240.0,96.24372000000001
Q8N3F8,17,240.0,96.24372000000001
Q6NXT1,17,240.0,96.24372000000001
O95907,17,240.0,96.24372000000001
Q9Y262,17,240.0,96.24372000000001
P61218,17,240.0,96.24372000000001
Q9NRD5,17,240.0,96.24372000000001
P56693,17,240.0,96.24372000000001
B5MCN3,956,4827.0,6409.9342900000065
Q99999,956,4827.0,6409.9342900000065
Q9UDX3,956,4827.0,6409.9342900000065
Q8IYX3,1,25.0,5.13544
Q8N8J0,220,891.0,1415.55727
A6NJZ7,220,891.0,1415.55727
A8MPS7,1,25.0,5.13544
A4QPH2,222,990.0,1428.1206200000001
P68036,1,25.0,5.13544
A6NGB0,1,25.0,5.13544
A6NNM3,220,891.0,1415.55727
P0C7N4,220,891.0,1415.55727
Q9HCN8,1,25.0,5.13544
Q9UFD9,220,891.0,1415.55727
Q96JB3,1,25.0,5.13544
A0A6I8PU40,326,2027.0,2227.748279999998
Q9Y6X9,326,2027.0,2227.748279999998
Q8IU80,683,3020.0,4361.257119999999
O43272,219,866.0,1410.42183
P61581,219,866.0,1410.42183
Q5BKY6,376,1604.0,2434.7251899999983
A0A494C0N9,219,866.0,1410.42183
B5MD39,376,1604.0,2434.7251899999983
P61580,219,866.0,1410.42183
Q14129,219,866.0,1410.42183
P20472,618,2848.0,4140.337880000001
Q9ULX9,663,3331.0,4338.849010000001
O60733,663,3331.0,4338.849010000001
Q5THR3,722,3038.0,4806.05253
P53673,216,1332.0,1446.3115200000013
P53674,216,1332.0,1446.3115200000013
P32927,827,3688.0,5358.4061500000125
A4QPB2,460,2174.0,2896.6004399999993
P0DOY2,464,1860.0,3209.205230000003
B9A064,464,1860.0,3209.205230000003
P0CF74,464,1860.0,3209.205230000003
P0DOX8,464,1860.0,3209.205230000003
A0M8Q6,464,1860.0,3209.205230000003
P0DOY3,464,1860.0,3209.205230000003
A0A0A0MT76,464,1860.0,3209.205230000003
P0CG04,464,1860.0,3209.205230000003
Q7Z4Y8,30,151.0,187.73556000000002
P46109,698,2953.0,4671.994180000006
Q9UBR1,458,1986.0,2996.64688
Q96NT3,458,1986.0,2996.64688
P62318,458,1986.0,2996.64688
Q9BPW4,50,323.0,287.89348
O60784,896,3627.0,5793.107500000001
Q9BW83,444,1853.0,2789.45203
P02144,431,1995.0,2733.811370000001
P48050,815,2802.0,5520.804709999998
O43731,815,2802.0,5520.804709999998
Q96AY4,167,745.0,1026.9530799999998
P48739,167,745.0,1026.9530799999998
Q9Y6J0,99,281.0,646.28531
Q9UGT4,99,281.0,646.28531
O95922,273,1048.0,1786.6230899999978
Q9NQ50,210,725.0,1385.11087
P54198,210,725.0,1385.11087
Q8N1L1,49,309.0,293.66974
Q9UGR2,153,583.0,1026.6758199999995
Q14106,153,583.0,1026.6758199999995
P46060,153,583.0,1026.6758199999995
Q9Y535,153,583.0,1026.6758199999995
Q10587,153,583.0,1026.6758199999995
Q99798,153,583.0,1026.6758199999995
Q7RTV0,153,583.0,1026.6758199999995
Q5R3F8,446,2359.0,3217.6973199999993
Q9UGU5,554,1835.0,3498.9295600000023
Q3SYA9,2,99.0,12.56335
O95721,2,99.0,12.56335
P05546,2,99.0,12.56335
P42356,2,99.0,12.56335
Q9H0A3,2,99.0,12.56335
Q8N5Z5,27,153.0,155.77140999999995
P30566,8,92.0,44.01859
Q96HU1,8,92.0,44.01859
Q53GT1,78,300.0,469.39538000000005
Q96GP6,78,300.0,469.39538000000005
P28482,130,466.0,873.6822599999992
Q9UH36,1,132.0,7.06173
Q9NQG7,1,132.0,7.06173
Q9UBB9,1,132.0,7.06173
Q6ICH7,1,132.0,7.06173
P53007,13,140.0,75.56197
P53675,13,140.0,75.56197
Q9BXQ6,550,2985.0,3640.3988200000013
O95567,220,1073.0,1368.3521799999996
Q13323,152,1413.0,898.1487199999996
Q8IVS2,152,1413.0,898.1487199999996
Q01844,74,401.0,452.69472
Q10567,74,401.0,452.69472
Q92737,74,401.0,452.69472
Q9Y3P4,74,401.0,452.69472
Q99501,74,401.0,452.69472
Q9Y6U7,25,126.0,151.95341000000002
Q8WTX7,4,30.0,21.71678
Q9BXI6,4,30.0,21.71678
Q15459,4,30.0,21.71678
Q569K6,4,30.0,21.71678
Q9H6A9,4,30.0,21.71678
A6NHG4,106,291.0,708.2424899999997
P30046,106,291.0,708.2424899999997
P0CG30,106,291.0,708.2424899999997
P0CG29,106,291.0,708.2424899999997
A0A1W2PR19,106,291.0,708.2424899999997
Q9UGU0,100,795.0,624.0850600000001
P10635,100,795.0,624.0850600000001
Q9H4I9,100,795.0,624.0850600000001
P56556,100,795.0,624.0850600000001
A0A087X1C5,100,795.0,624.0850600000001
Q6ICB4,100,795.0,624.0850600000001
Q9UDX5,21,96.0,130.23663000000002
O76054,21,96.0,130.23663000000002
Q96DF8,16,69.0,89.50127
O15499,16,69.0,89.50127
A0A494C0Y3,157,738.0,1024.3033599999997
